Workbook

Sheet Indices
A1: Bird diversity indices – dune shoreline, 28–30 Sep 2026
A2: Calculated from the Abundance sheet (summed counts per species). Natural log used for Shannon. Blue = input values.
A4: Index | B4: 28.09.2026 | C4: 29.09.2026 | D4: 30.09.2026 | E4: All 3 days | F4: Intertidal (I) | G4: Flight (F) | H4: Sand (S) | I4: Water (W)
A5: Species richness (S) | B5: =COUNTIF(Abundance!D$2:D$20,">0") -> 13 | C5: =COUNTIF(Abundance!E$2:E$20,">0") -> 17 | D5: =COUNTIF(Abundance!F$2:F$20,">0") -> 14 | E5: =COUNTIF(Abundance!G$2:G$20,">0") -> 19 | F5: =COUNTIF(Abundance!H$2:H$20,">0") -> 17 | G5: =COUNTIF(Abundance!I$2:I$20,">0") -> 13 | H5: =COUNTIF(Abundance!J$2:J$20,">0") -> 8 | I5: =COUNTIF(Abundance!K$2:K$20,">0") -> 5
A6: Abundance (N, individuals) | B6: =SUM(Abundance!D$2:D$20) -> 320 | C6: =SUM(Abundance!E$2:E$20) -> 483 | D6: =SUM(Abundance!F$2:F$20) -> 276 | E6: =SUM(Abundance!G$2:G$20) -> 1079 | F6: =SUM(Abundance!H$2:H$20) -> 813 | G6: =SUM(Abundance!I$2:I$20) -> 82 | H6: =SUM(Abundance!J$2:J$20) -> 153 | I6: =SUM(Abundance!K$2:K$20) -> 31
A7: Shannon H' | B7: =-SUMPRODUCT(Abundance!D$2:D$20/B6,LN((Abundance!D$2:D$20+(Abundance!D$2:D$20=0))/B6)) -> 1.7101132 | C7: =-SUMPRODUCT(Abundance!E$2:E$20/C6,LN((Abundance!E$2:E$20+(Abundance!E$2:E$20=0))/C6)) -> 2.1519644 | D7: =-SUMPRODUCT(Abundance!F$2:F$20/D6,LN((Abundance!F$2:F$20+(Abundance!F$2:F$20=0))/D6)) -> 1.9712222 | E7: =-SUMPRODUCT(Abundance!G$2:G$20/E6,LN((Abundance!G$2:G$20+(Abundance!G$2:G$20=0))/E6)) -> 2.2765997 | F7: =-SUMPRODUCT(Abundance!H$2:H$20/F6,LN((Abundance!H$2:H$20+(Abundance!H$2:H$20=0))/F6)) -> 2.0181385 | G7: =-SUMPRODUCT(Abundance!I$2:I$20/G6,LN((Abundance!I$2:I$20+(Abundance!I$2:I$20=0))/G6)) -> 2.0638743 | H7: =-SUMPRODUCT(Abundance!J$2:J$20/H6,LN((Abundance!J$2:J$20+(Abundance!J$2:J$20=0))/H6)) -> 1.582007 | I7: =-SUMPRODUCT(Abundance!K$2:K$20/I6,LN((Abundance!K$2:K$20+(Abundance!K$2:K$20=0))/I6)) -> 1.0479818
A8: Maximum H' (ln S) | B8: =LN(B5) -> 2.5649494 | C8: =LN(C5) -> 2.8332133 | D8: =LN(D5) -> 2.6390573 | E8: =LN(E5) -> 2.944439 | F8: =LN(F5) -> 2.8332133 | G8: =LN(G5) -> 2.5649494 | H8: =LN(H5) -> 2.0794415 | I8: =LN(I5) -> 1.6094379
A9: Pielou evenness (J) | B9: =B7/B8 -> 0.66672397 | C9: =C7/C8 -> 0.75954901 | D9: =D7/D8 -> 0.74694179 | E9: =E7/E8 -> 0.77318625 | F9: =F7/F8 -> 0.71231434 | G9: =G7/G8 -> 0.80464524 | H9: =H7/H8 -> 0.76078457 | I9: =I7/I8 -> 0.65114771
A10: Simpson dominance (D = Σp²) | B10: =SUMPRODUCT((Abundance!D$2:D$20/B6)^2) -> 0.27736328 | C10: =SUMPRODUCT((Abundance!E$2:E$20/C6)^2) -> 0.15072721 | D10: =SUMPRODUCT((Abundance!F$2:F$20/D6)^2) -> 0.20027305 | E10: =SUMPRODUCT((Abundance!G$2:G$20/E6)^2) -> 0.13116958 | F10: =SUMPRODUCT((Abundance!H$2:H$20/F6)^2) -> 0.16854497 | G10: =SUMPRODUCT((Abundance!I$2:I$20/G6)^2) -> 0.18114218 | H10: =SUMPRODUCT((Abundance!J$2:J$20/H6)^2) -> 0.25985732 | I10: =SUMPRODUCT((Abundance!K$2:K$20/I6)^2) -> 0.44849116
A11: Gini-Simpson (1 – D) | B11: =1-B10 -> 0.72263672 | C11: =1-C10 -> 0.84927279 | D11: =1-D10 -> 0.79972695 | E11: =1-E10 -> 0.86883042 | F11: =1-F10 -> 0.83145503 | G11: =1-G10 -> 0.81885782 | H11: =1-H10 -> 0.74014268 | I11: =1-I10 -> 0.55150884
A12: Inverse Simpson (1/D) | B12: =1/B10 -> 3.6053799 | C12: =1/C10 -> 6.6345022 | D12: =1/D10 -> 4.993183 | E12: =1/E10 -> 7.623719 | F12: =1/F10 -> 5.9331347 | G12: =1/G10 -> 5.5205255 | H12: =1/H10 -> 3.8482657 | I12: =1/I10 -> 2.2296984
A13: Berger-Parker dominance (max p) | B13: =MAX(Abundance!D$2:D$20)/B6 -> 0.478125 | C13: =MAX(Abundance!E$2:E$20)/C6 -> 0.27536232 | D13: =MAX(Abundance!F$2:F$20)/D6 -> 0.37318841 | E13: =MAX(Abundance!G$2:G$20)/E6 -> 0.22428174 | F13: =MAX(Abundance!H$2:H$20)/F6 -> 0.25584256 | G13: =MAX(Abundance!I$2:I$20)/G6 -> 0.31707317 | H13: =MAX(Abundance!J$2:J$20)/H6 -> 0.41176471 | I13: =MAX(Abundance!K$2:K$20)/I6 -> 0.61290323
A14: Dominant species | B14: =INDEX(Abundance!$A$2:$A$20,MATCH(MAX(Abundance!D$2:D$20),Abundance!D$2:D$20,0)) -> Ts | C14: =INDEX(Abundance!$A$2:$A$20,MATCH(MAX(Abundance!E$2:E$20),Abundance!E$2:E$20,0)) -> Sh | D14: =INDEX(Abundance!$A$2:$A$20,MATCH(MAX(Abundance!F$2:F$20),Abundance!F$2:F$20,0)) -> Ch | E14: =INDEX(Abundance!$A$2:$A$20,MATCH(MAX(Abundance!G$2:G$20),Abundance!G$2:G$20,0)) -> Ts | F14: =INDEX(Abundance!$A$2:$A$20,MATCH(MAX(Abundance!H$2:H$20),Abundance!H$2:H$20,0)) -> Ts | G14: =INDEX(Abundance!$A$2:$A$20,MATCH(MAX(Abundance!I$2:I$20),Abundance!I$2:I$20,0)) -> Ts | H14: =INDEX(Abundance!$A$2:$A$20,MATCH(MAX(Abundance!J$2:J$20),Abundance!J$2:J$20,0)) -> Wp | I14: =INDEX(Abundance!$A$2:$A$20,MATCH(MAX(Abundance!K$2:K$20),Abundance!K$2:K$20,0)) -> La
A15: Margalef richness | B15: =(B5-1)/LN(B6) -> 2.0803281 | C15: =(C5-1)/LN(C6) -> 2.5889898 | D15: =(D5-1)/LN(D6) -> 2.3130023 | E15: =(E5-1)/LN(E6) -> 2.5773971 | F15: =(F5-1)/LN(F6) -> 2.3877991 | G15: =(G5-1)/LN(G6) -> 2.7231143 | H15: =(H5-1)/LN(H6) -> 1.391529 | I15: =(I5-1)/LN(I6) -> 1.1648267
A16: Menhinick richness | B16: =B5/SQRT(B6) -> 0.72672209 | C16: =C5/SQRT(C6) -> 0.77352678 | D16: =D5/SQRT(D6) -> 0.84270097 | E16: =E5/SQRT(E6) -> 0.57841944 | F16: =F5/SQRT(F6) -> 0.59621603 | G16: =G5/SQRT(G6) -> 1.4356098 | H16: =H5/SQRT(H6) -> 0.64676167 | I16: =I5/SQRT(I6) -> 0.89802651
A18: Sampling effort
A19: Surveys (20-min counts, incl. empty ones) | B19: 25 | C19: 30 | D19: 13 | E19: =SUM(B19:D19) -> 68
A20: Birds per survey | B20: =B6/B19 -> 12.8 | C20: =C6/C19 -> 16.1 | D20: =D6/D19 -> 21.230769 | E20: =E6/E19 -> 15.867647
A22: Total species on the dune | E22: 38
A23: Completeness (S observed / total) | B23: =B5/$E$22 -> 0.34210526 | C23: =C5/$E$22 -> 0.44736842 | D23: =D5/$E$22 -> 0.36842105 | E23: =E5/$E$22 -> 0.5
A25: Notes
A26: • Surveys with no birds (code 0) are counted as surveys but add no species or individuals.
A27: • Several rows of the same species within one survey (separate flocks) are summed.
A28: • Day 3 only covers 14:00–17:40 (13 surveys) vs 25–30 on days 1–2, so compare days with care; richness depends on effort.
A29: • D, 1–D, 1/D and Berger-Parker: higher D / BP = stronger dominance; higher H', J, 1/D = more diverse/even.
A30: • Zone columns are totals pooled over all 3 days (a bird in flight "F" is not tied to a surface).
A31: • Blue cells (survey counts, 38 total species) are inputs: surveys counted from your Results sheet, 38 from you.

Sheet Tide_summary
A1: Bird counts by tidal phase (per 20-min survey)
A3: Window around HW / NW counted as "High / Low water" (h) | B3: 1.5
A4: Phase = high/low water if the survey is within this window of the nearest extreme; otherwise rising or falling. Water level is cosine-interpolated between the tabulated HW/NW.
A6: Tidal phase | B6: Surveys (n) | C6: Mean N | D6: Mean S | E6: Mean I | F6: Mean F | G6: Mean Sand | H6: Mean Water | I6: Mean water level (m)
A7: Low water | B7: =COUNTIF(Surveys!$U$2:$U$69,$A7) -> 10 | C7: =AVERAGEIFS(Surveys!$D$2:$D$69,Surveys!$U$2:$U$69,$A7) -> 28.7 | D7: =AVERAGEIFS(Surveys!$E$2:$E$69,Surveys!$U$2:$U$69,$A7) -> 4 | E7: =AVERAGEIFS(Surveys!$F$2:$F$69,Surveys!$U$2:$U$69,$A7) -> 24.9 | F7: =AVERAGEIFS(Surveys!$G$2:$G$69,Surveys!$U$2:$U$69,$A7) -> 0.1 | G7: =AVERAGEIFS(Surveys!$H$2:$H$69,Surveys!$U$2:$U$69,$A7) -> 1.7 | H7: =AVERAGEIFS(Surveys!$I$2:$I$69,Surveys!$U$2:$U$69,$A7) -> 2 | I7: =AVERAGEIFS(Surveys!$R$2:$R$69,Surveys!$U$2:$U$69,$A7) -> 0.68275096
A8: Rising | B8: =COUNTIF(Surveys!$U$2:$U$69,$A8) -> 14 | C8: =AVERAGEIFS(Surveys!$D$2:$D$69,Surveys!$U$2:$U$69,$A8) -> 19.714286 | D8: =AVERAGEIFS(Surveys!$E$2:$E$69,Surveys!$U$2:$U$69,$A8) -> 3.8571429 | E8: =AVERAGEIFS(Surveys!$F$2:$F$69,Surveys!$U$2:$U$69,$A8) -> 12.571429 | F8: =AVERAGEIFS(Surveys!$G$2:$G$69,Surveys!$U$2:$U$69,$A8) -> 3.1428571 | G8: =AVERAGEIFS(Surveys!$H$2:$H$69,Surveys!$U$2:$U$69,$A8) -> 3.7142857 | H8: =AVERAGEIFS(Surveys!$I$2:$I$69,Surveys!$U$2:$U$69,$A8) -> 0.28571429 | I8: =AVERAGEIFS(Surveys!$R$2:$R$69,Surveys!$U$2:$U$69,$A8) -> 1.9273947
A9: High water | B9: =COUNTIF(Surveys!$U$2:$U$69,$A9) -> 27 | C9: =AVERAGEIFS(Surveys!$D$2:$D$69,Surveys!$U$2:$U$69,$A9) -> 5.0740741 | D9: =AVERAGEIFS(Surveys!$E$2:$E$69,Surveys!$U$2:$U$69,$A9) -> 1.6296296 | E9: =AVERAGEIFS(Surveys!$F$2:$F$69,Surveys!$U$2:$U$69,$A9) -> 3.6666667 | F9: =AVERAGEIFS(Surveys!$G$2:$G$69,Surveys!$U$2:$U$69,$A9) -> 0.55555556 | G9: =AVERAGEIFS(Surveys!$H$2:$H$69,Surveys!$U$2:$U$69,$A9) -> 0.62962963 | H9: =AVERAGEIFS(Surveys!$I$2:$I$69,Surveys!$U$2:$U$69,$A9) -> 0.22222222 | I9: =AVERAGEIFS(Surveys!$R$2:$R$69,Surveys!$U$2:$U$69,$A9) -> 3.1552129
A10: Falling | B10: =COUNTIF(Surveys!$U$2:$U$69,$A10) -> 17 | C10: =AVERAGEIFS(Surveys!$D$2:$D$69,Surveys!$U$2:$U$69,$A10) -> 22.294118 | D10: =AVERAGEIFS(Surveys!$E$2:$E$69,Surveys!$U$2:$U$69,$A10) -> 2.1764706 | E10: =AVERAGEIFS(Surveys!$F$2:$F$69,Surveys!$U$2:$U$69,$A10) -> 17 | F10: =AVERAGEIFS(Surveys!$G$2:$G$69,Surveys!$U$2:$U$69,$A10) -> 1.2941176 | G10: =AVERAGEIFS(Surveys!$H$2:$H$69,Surveys!$U$2:$U$69,$A10) -> 3.9411765 | H10: =AVERAGEIFS(Surveys!$I$2:$I$69,Surveys!$U$2:$U$69,$A10) -> 0.058823529 | I10: =AVERAGEIFS(Surveys!$R$2:$R$69,Surveys!$U$2:$U$69,$A10) -> 2.516024
A11: All surveys | B11: =COUNTA(Surveys!$U$2:$U$69) -> 68 | C11: =AVERAGE(Surveys!$D$2:$D$69) -> 15.867647 | D11: =AVERAGE(Surveys!$E$2:$E$69) -> 2.5735294 | E11: =AVERAGE(Surveys!$F$2:$F$69) -> 11.955882 | F11: =AVERAGE(Surveys!$G$2:$G$69) -> 1.2058824 | G11: =AVERAGE(Surveys!$H$2:$H$69) -> 2.25 | H11: =AVERAGE(Surveys!$I$2:$I$69) -> 0.45588235 | I11: =AVERAGE(Surveys!$R$2:$R$69) -> 2.3790322
A14: Statistics (computed in Python / scipy; static values, not formulas)
A15: Variable | B15: Spearman rho vs water level | C15: p | D15: Kruskal-Wallis H (4 phases) | E15: p
A16: Abundance N | B16: -0.63609587 | C16: 5.5758309e-09 | D16: 19.446315 | E16: 0.00022103723
A17: Richness S | B17: -0.53294731 | C17: 2.8870352e-06 | D17: 18.709296 | E17: 0.00031396622
A18: Intertidal (I) | B18: -0.45900579 | C18: 8.2526083e-05 | D18: 12.286105 | E18: 0.0064646687
A19: Flight (F) | B19: -0.1940081 | C19: 0.1129041 | D19: 11.553199 | E19: 0.0090814848
A20: Sand (S) | B20: -0.48975155 | C20: 2.2477883e-05 | D20: 17.822644 | E20: 0.00047849085
A21: Water (W) | B21: -0.045525228 | C21: 0.71239472 | D21: 2.2767807 | E21: 0.51698369
A22: People present | B22: 0.09935539 | C22: 0.42017762 | D22: 6.9217425 | E22: 0.074434377
A25: Pooled diversity per tidal phase (all surveys of that phase combined; static)
A26: Tidal phase | B26: Species richness | C26: Individuals | D26: Shannon H'
A27: Low water | B27: 12 | C27: 287 | D27: 1.6320997
A28: Rising | B28: 15 | C28: 276 | D28: 1.9421746
A29: High water | B29: 16 | C29: 137 | D29: 2.3848132
A30: Falling | B30: 12 | C30: 379 | D30: 1.7173245
A33: Mean birds per survey by species and tidal phase (static, top species)
A34: Species | B34: Low water | C34: Rising | D34: High water | E34: Falling
A35: Ts | B35: 10.5 | C35: 5.5 | D35: 0.92592593 | E35: 2.0588235
A36: Sh | B36: 0 | C36: 4.6428571 | D36: 0.2962963 | E36: 6
A37: Ch | B37: 0.2 | C37: 0.71428571 | D37: 0.77777778 | E37: 8.1764706
A38: Ca | B38: 0 | C38: 4.1428571 | D38: 0.92592593 | E38: 2.1176471
A39: Lc | B39: 6.5 | C39: 0.42857143 | D39: 0.14814815 | E39: 0
A40: La | B40: 4.1 | C40: 1.6428571 | D40: 0.11111111 | E40: 0.29411765
A41: Wp | B41: 1.2 | C41: 0.71428571 | D41: 0.18518519 | E41: 2.3529412
A42: Lm | B42: 5.2 | C42: 0 | D42: 0.074074074 | E42: 0
A44: Notes
A45: • Day 3 (30.09) covers only high water and falling tide (14:00–17:40); phase and day are partly confounded.
A46: • Surveys at 16:33 and 17:30 (29.09) and 15:30 (30.09) are off the 20-min grid and are treated as separate surveys.
A47: • Time of day is also confounded with tide (e.g. gull arrival times); correlations are not causal.

Sheet Data
A1: Date | B1: Time | C1: Species | D1: Quantity | E1: Location | F1: People
A2: 28.09.2026 | B2: 08:40:00 | C2: Lm | D2: 6 | E2: I | F2: 2
A3: 28.09.2026 | B3: 08:40:00 | C3: Ts | D3: 11 | E3: I | F3: 2
A4: 28.09.2026 | B4: 08:40:00 | C4: Wp | D4: 2 | E4: S | F4: 2
A5: 28.09.2026 | B5: 08:40:00 | C5: La | D5: 4 | E5: I | F5: 2
A6: 28.09.2026 | B6: 09:00:00 | C6: La | D6: 1 | E6: S | F6: 3
A7: 28.09.2026 | B7: 09:00:00 | C7: La | D7: 5 | E7: I | F7: 1
A8: 28.09.2026 | B8: 09:00:00 | C8: Ts | D8: 24 | E8: I | F8: 1
A9: 28.09.2026 | B9: 09:00:00 | C9: Lm | D9: 4 | E9: I | F9: 1
A10: 28.09.2026 | B10: 09:00:00 | C10: Lm | D10: 2 | E10: W | F10: 1
A11: 28.09.2026 | B11: 09:20:00 | C11: La | D11: 1 | E11: S | F11: 3
A12: 28.09.2026 | B12: 09:20:00 | C12: Ts | D12: 20 | E12: I | F12: 4
A13: 28.09.2026 | B13: 09:20:00 | C13: Wp | D13: 4 | E13: S | F13: 4
... A195: 30.09.2026 | B195: 17:40:00 | C195: Ka | D195: 2 | E195: I | F195: 0

Sheet Abundance
A1: Code | B1: Scientific name | C1: German name | D1: 28.09.2026 | E1: 29.09.2026 | F1: 30.09.2026 | G1: Total | H1: I Intertidal | I1: F Flight | J1: S Sand | K1: W Water
A2: Ts | B2: Thalasseus sandvicensis | C2: Brandseeschwalbe | D2: =SUMIFS(Data!$D$2:$D$195,Data!$C$2:$C$195,$A2,Data!$A$2:$A$195,"28.09.2026") -> 153 | E2: =SUMIFS(Data!$D$2:$D$195,Data!$C$2:$C$195,$A2,Data!$A$2:$A$195,"29.09.2026") -> 69 | F2: =SUMIFS(Data!$D$2:$D$195,Data!$C$2:$C$195,$A2,Data!$A$2:$A$195,"30.09.2026") -> 20 | G2: =SUM(D2:F2) -> 242 | H2: =SUMIFS(Data!$D$2:$D$195,Data!$C$2:$C$195,$A2,Data!$E$2:$E$195,"I") -> 208 | I2: =SUMIFS(Data!$D$2:$D$195,Data!$C$2:$C$195,$A2,Data!$E$2:$E$195,"F") -> 26 | J2: =SUMIFS(Data!$D$2:$D$195,Data!$C$2:$C$195,$A2,Data!$E$2:$E$195,"S") -> 0 | K2: =SUMIFS(Data!$D$2:$D$195,Data!$C$2:$C$195,$A2,Data!$E$2:$E$195,"W") -> 8
A3: Sh | B3: Sterna hirundo | C3: Flussseeschwalbe | D3: =SUMIFS(Data!$D$2:$D$195,Data!$C$2:$C$195,$A3,Data!$A$2:$A$195,"28.09.2026") -> 0 | E3: =SUMIFS(Data!$D$2:$D$195,Data!$C$2:$C$195,$A3,Data!$A$2:$A$195,"29.09.2026") -> 133 | F3: =SUMIFS(Data!$D$2:$D$195,Data!$C$2:$C$195,$A3,Data!$A$2:$A$195,"30.09.2026") -> 42 | G3: =SUM(D3:F3) -> 175 | H3: =SUMIFS(Data!$D$2:$D$195,Data!$C$2:$C$195,$A3,Data!$E$2:$E$195,"I") -> 156 | I3: =SUMIFS(Data!$D$2:$D$195,Data!$C$2:$C$195,$A3,Data!$E$2:$E$195,"F") -> 19 | J3: =SUMIFS(Data!$D$2:$D$195,Data!$C$2:$C$195,$A3,Data!$E$2:$E$195,"S") -> 0 | K3: =SUMIFS(Data!$D$2:$D$195,Data!$C$2:$C$195,$A3,Data!$E$2:$E$195,"W") -> 0
A4: Ch | B4: Charadrius hiaticula | C4: Sandregenpfeifer | D4: =SUMIFS(Data!$D$2:$D$195,Data!$C$2:$C$195,$A4,Data!$A$2:$A$195,"28.09.2026") -> 17 | E4: =SUMIFS(Data!$D$2:$D$195,Data!$C$2:$C$195,$A4,Data!$A$2:$A$195,"29.09.2026") -> 52 | F4: =SUMIFS(Data!$D$2:$D$195,Data!$C$2:$C$195,$A4,Data!$A$2:$A$195,"30.09.2026") -> 103 | G4: =SUM(D4:F4) -> 172 | H4: =SUMIFS(Data!$D$2:$D$195,Data!$C$2:$C$195,$A4,Data!$E$2:$E$195,"I") -> 169 | I4: =SUMIFS(Data!$D$2:$D$195,Data!$C$2:$C$195,$A4,Data!$E$2:$E$195,"F") -> 0 | J4: =SUMIFS(Data!$D$2:$D$195,Data!$C$2:$C$195,$A4,Data!$E$2:$E$195,"S") -> 3 | K4: =SUMIFS(Data!$D$2:$D$195,Data!$C$2:$C$195,$A4,Data!$E$2:$E$195,"W") -> 0
A5: Ca | B5: Calidris alba | C5: Sanderling | D5: =SUMIFS(Data!$D$2:$D$195,Data!$C$2:$C$195,$A5,Data!$A$2:$A$195,"28.09.2026") -> 41 | E5: =SUMIFS(Data!$D$2:$D$195,Data!$C$2:$C$195,$A5,Data!$A$2:$A$195,"29.09.2026") -> 61 | F5: =SUMIFS(Data!$D$2:$D$195,Data!$C$2:$C$195,$A5,Data!$A$2:$A$195,"30.09.2026") -> 17 | G5: =SUM(D5:F5) -> 119 | H5: =SUMIFS(Data!$D$2:$D$195,Data!$C$2:$C$195,$A5,Data!$E$2:$E$195,"I") -> 86 | I5: =SUMIFS(Data!$D$2:$D$195,Data!$C$2:$C$195,$A5,Data!$E$2:$E$195,"F") -> 0 | J5: =SUMIFS(Data!$D$2:$D$195,Data!$C$2:$C$195,$A5,Data!$E$2:$E$195,"S") -> 33 | K5: =SUMIFS(Data!$D$2:$D$195,Data!$C$2:$C$195,$A5,Data!$E$2:$E$195,"W") -> 0
A6: Lc | B6: Larus canus | C6: Sturmmöwe | D6: =SUMIFS(Data!$D$2:$D$195,Data!$C$2:$C$195,$A6,Data!$A$2:$A$195,"28.09.2026") -> 6 | E6: =SUMIFS(Data!$D$2:$D$195,Data!$C$2:$C$195,$A6,Data!$A$2:$A$195,"29.09.2026") -> 65 | F6: =SUMIFS(Data!$D$2:$D$195,Data!$C$2:$C$195,$A6,Data!$A$2:$A$195,"30.09.2026") -> 4 | G6: =SUM(D6:F6) -> 75 | H6: =SUMIFS(Data!$D$2:$D$195,Data!$C$2:$C$195,$A6,Data!$E$2:$E$195,"I") -> 65 | I6: =SUMIFS(Data!$D$2:$D$195,Data!$C$2:$C$195,$A6,Data!$E$2:$E$195,"F") -> 10 | J6: =SUMIFS(Data!$D$2:$D$195,Data!$C$2:$C$195,$A6,Data!$E$2:$E$195,"S") -> 0 | K6: =SUMIFS(Data!$D$2:$D$195,Data!$C$2:$C$195,$A6,Data!$E$2:$E$195,"W") -> 0
A7: La | B7: Larus argentatus | C7: Silbermöwe | D7: =SUMIFS(Data!$D$2:$D$195,Data!$C$2:$C$195,$A7,Data!$A$2:$A$195,"28.09.2026") -> 47 | E7: =SUMIFS(Data!$D$2:$D$195,Data!$C$2:$C$195,$A7,Data!$A$2:$A$195,"29.09.2026") -> 22 | F7: =SUMIFS(Data!$D$2:$D$195,Data!$C$2:$C$195,$A7,Data!$A$2:$A$195,"30.09.2026") -> 3 | G7: =SUM(D7:F7) -> 72 | H7: =SUMIFS(Data!$D$2:$D$195,Data!$C$2:$C$195,$A7,Data!$E$2:$E$195,"I") -> 23 | I7: =SUMIFS(Data!$D$2:$D$195,Data!$C$2:$C$195,$A7,Data!$E$2:$E$195,"F") -> 3 | J7: =SUMIFS(Data!$D$2:$D$195,Data!$C$2:$C$195,$A7,Data!$E$2:$E$195,"S") -> 27 | K7: =SUMIFS(Data!$D$2:$D$195,Data!$C$2:$C$195,$A7,Data!$E$2:$E$195,"W") -> 19
A8: Wp | B8: Anthus pratensis | C8: Wiesenpieper | D8: =SUMIFS(Data!$D$2:$D$195,Data!$C$2:$C$195,$A8,Data!$A$2:$A$195,"28.09.2026") -> 13 | E8: =SUMIFS(Data!$D$2:$D$195,Data!$C$2:$C$195,$A8,Data!$A$2:$A$195,"29.09.2026") -> 14 | F8: =SUMIFS(Data!$D$2:$D$195,Data!$C$2:$C$195,$A8,Data!$A$2:$A$195,"30.09.2026") -> 40 | G8: =SUM(D8:F8) -> 67 | H8: =SUMIFS(Data!$D$2:$D$195,Data!$C$2:$C$195,$A8,Data!$E$2:$E$195,"I") -> 1 | I8: =SUMIFS(Data!$D$2:$D$195,Data!$C$2:$C$195,$A8,Data!$E$2:$E$195,"F") -> 3 | J8: =SUMIFS(Data!$D$2:$D$195,Data!$C$2:$C$195,$A8,Data!$E$2:$E$195,"S") -> 63 | K8: =SUMIFS(Data!$D$2:$D$195,Data!$C$2:$C$195,$A8,Data!$E$2:$E$195,"W") -> 0
A9: Lm | B9: Larus marinus | C9: Mantelmöwe | D9: =SUMIFS(Data!$D$2:$D$195,Data!$C$2:$C$195,$A9,Data!$A$2:$A$195,"28.09.2026") -> 19 | E9: =SUMIFS(Data!$D$2:$D$195,Data!$C$2:$C$195,$A9,Data!$A$2:$A$195,"29.09.2026") -> 35 | F9: =SUMIFS(Data!$D$2:$D$195,Data!$C$2:$C$195,$A9,Data!$A$2:$A$195,"30.09.2026") -> 0 | G9: =SUM(D9:F9) -> 54 | H9: =SUMIFS(Data!$D$2:$D$195,Data!$C$2:$C$195,$A9,Data!$E$2:$E$195,"I") -> 50 | I9: =SUMIFS(Data!$D$2:$D$195,Data!$C$2:$C$195,$A9,Data!$E$2:$E$195,"F") -> 2 | J9: =SUMIFS(Data!$D$2:$D$195,Data!$C$2:$C$195,$A9,Data!$E$2:$E$195,"S") -> 0 | K9: =SUMIFS(Data!$D$2:$D$195,Data!$C$2:$C$195,$A9,Data!$E$2:$E$195,"W") -> 2
A10: Cc | B10: Corvus corone | C10: Rabenkrähe | D10: =SUMIFS(Data!$D$2:$D$195,Data!$C$2:$C$195,$A10,Data!$A$2:$A$195,"28.09.2026") -> 15 | E10: =SUMIFS(Data!$D$2:$D$195,Data!$C$2:$C$195,$A10,Data!$A$2:$A$195,"29.09.2026") -> 3 | F10: =SUMIFS(Data!$D$2:$D$195,Data!$C$2:$C$195,$A10,Data!$A$2:$A$195,"30.09.2026") -> 3 | G10: =SUM(D10:F10) -> 21 | H10: =SUMIFS(Data!$D$2:$D$195,Data!$C$2:$C$195,$A10,Data!$E$2:$E$195,"I") -> 2 | I10: =SUMIFS(Data!$D$2:$D$195,Data!$C$2:$C$195,$A10,Data!$E$2:$E$195,"F") -> 4 | J10: =SUMIFS(Data!$D$2:$D$195,Data!$C$2:$C$195,$A10,Data!$E$2:$E$195,"S") -> 15 | K10: =SUMIFS(Data!$D$2:$D$195,Data!$C$2:$C$195,$A10,Data!$E$2:$E$195,"W") -> 0
A11: Ai | B11: Arenaria interpres | C11: Steinwälzer | D11: =SUMIFS(Data!$D$2:$D$195,Data!$C$2:$C$195,$A11,Data!$A$2:$A$195,"28.09.2026") -> 0 | E11: =SUMIFS(Data!$D$2:$D$195,Data!$C$2:$C$195,$A11,Data!$A$2:$A$195,"29.09.2026") -> 2 | F11: =SUMIFS(Data!$D$2:$D$195,Data!$C$2:$C$195,$A11,Data!$A$2:$A$195,"30.09.2026") -> 17 | G11: =SUM(D11:F11) -> 19 | H11: =SUMIFS(Data!$D$2:$D$195,Data!$C$2:$C$195,$A11,Data!$E$2:$E$195,"I") -> 8 | I11: =SUMIFS(Data!$D$2:$D$195,Data!$C$2:$C$195,$A11,Data!$E$2:$E$195,"F") -> 4 | J11: =SUMIFS(Data!$D$2:$D$195,Data!$C$2:$C$195,$A11,Data!$E$2:$E$195,"S") -> 7 | K11: =SUMIFS(Data!$D$2:$D$195,Data!$C$2:$C$195,$A11,Data!$E$2:$E$195,"W") -> 0
A12: Ka | B12: Calidris alpina | C12: Alpenstrandläufer | D12: =SUMIFS(Data!$D$2:$D$195,Data!$C$2:$C$195,$A12,Data!$A$2:$A$195,"28.09.2026") -> 2 | E12: =SUMIFS(Data!$D$2:$D$195,Data!$C$2:$C$195,$A12,Data!$A$2:$A$195,"29.09.2026") -> 2 | F12: =SUMIFS(Data!$D$2:$D$195,Data!$C$2:$C$195,$A12,Data!$A$2:$A$195,"30.09.2026") -> 14 | G12: =SUM(D12:F12) -> 18 | H12: =SUMIFS(Data!$D$2:$D$195,Data!$C$2:$C$195,$A12,Data!$E$2:$E$195,"I") -> 16 | I12: =SUMIFS(Data!$D$2:$D$195,Data!$C$2:$C$195,$A12,Data!$E$2:$E$195,"F") -> 2 | J12: =SUMIFS(Data!$D$2:$D$195,Data!$C$2:$C$195,$A12,Data!$E$2:$E$195,"S") -> 0 | K12: =SUMIFS(Data!$D$2:$D$195,Data!$C$2:$C$195,$A12,Data!$E$2:$E$195,"W") -> 0
A13: Oo | B13: Oenanthe oenanthe | C13: Steinschmätzer | D13: =SUMIFS(Data!$D$2:$D$195,Data!$C$2:$C$195,$A13,Data!$A$2:$A$195,"28.09.2026") -> 0 | E13: =SUMIFS(Data!$D$2:$D$195,Data!$C$2:$C$195,$A13,Data!$A$2:$A$195,"29.09.2026") -> 8 | F13: =SUMIFS(Data!$D$2:$D$195,Data!$C$2:$C$195,$A13,Data!$A$2:$A$195,"30.09.2026") -> 8 | G13: =SUM(D13:F13) -> 16 | H13: =SUMIFS(Data!$D$2:$D$195,Data!$C$2:$C$195,$A13,Data!$E$2:$E$195,"I") -> 14 | I13: =SUMIFS(Data!$D$2:$D$195,Data!$C$2:$C$195,$A13,Data!$E$2:$E$195,"F") -> 0 | J13: =SUMIFS(Data!$D$2:$D$195,Data!$C$2:$C$195,$A13,Data!$E$2:$E$195,"S") -> 2 | K13: =SUMIFS(Data!$D$2:$D$195,Data!$C$2:$C$195,$A13,Data!$E$2:$E$195,"W") -> 0
... A20: Sm | B20: Soateria mollissima | C20: Eiderente | D20: =SUMIFS(Data!$D$2:$D$195,Data!$C$2:$C$195,$A20,Data!$A$2:$A$195,"28.09.2026") -> 1 | E20: =SUMIFS(Data!$D$2:$D$195,Data!$C$2:$C$195,$A20,Data!$A$2:$A$195,"29.09.2026") -> 0 | F20: =SUMIFS(Data!$D$2:$D$195,Data!$C$2:$C$195,$A20,Data!$A$2:$A$195,"30.09.2026") -> 0 | G20: =SUM(D20:F20) -> 1 | H20: =SUMIFS(Data!$D$2:$D$195,Data!$C$2:$C$195,$A20,Data!$E$2:$E$195,"I") -> 0 | I20: =SUMIFS(Data!$D$2:$D$195,Data!$C$2:$C$195,$A20,Data!$E$2:$E$195,"F") -> 0 | J20: =SUMIFS(Data!$D$2:$D$195,Data!$C$2:$C$195,$A20,Data!$E$2:$E$195,"S") -> 0 | K20: =SUMIFS(Data!$D$2:$D$195,Data!$C$2:$C$195,$A20,Data!$E$2:$E$195,"W") -> 1
A21: Total | D21: =SUM(D2:D20) -> 320 | E21: =SUM(E2:E20) -> 483 | F21: =SUM(F2:F20) -> 276 | G21: =SUM(G2:G20) -> 1079 | H21: =SUM(H2:H20) -> 813 | I21: =SUM(I2:I20) -> 82 | J21: =SUM(J2:J20) -> 153 | K21: =SUM(K2:K20) -> 31

Sheet Tide_table
A1: Tide table, Helgoland (HW = high water, NW = low water); heights above SKN (chart datum)
A3: Date-time | B3: Height (m) | C3: Event | D3: Tidal range type
A4: 46293.065 | B4: 3.09 | C4: HW | D4: Sp
A5: 46293.343 | B5: 0.55 | C5: NW | D5: Sp
A6: 46293.574 | B6: 3.31 | C6: HW | D6: Sp
A7: 46293.858 | B7: 0.51 | C7: NW | D7: Sp
A8: 46294.088 | B8: 3.1 | C8: HW | D8: Sp
A9: 46294.368 | B9: 0.46 | C9: NW | D9: Sp
A10: 46294.599 | B10: 3.29 | C10: HW | D10: Sp
A11: 46294.881 | B11: 0.51 | C11: NW | D11: Sp
A12: 46295.11 | B12: 3.09 | C12: HW | D12: Mt
A13: 46295.391 | B13: 0.43 | C13: NW | D13: Mt
A14: 46295.623 | B14: 3.24 | C14: HW | D14: Mt
A15: 46295.903 | B15: 0.54 | C15: NW | D15: Mt
A17: Source: tide table supplied by the user (blue = input). Sp = spring tide, Mt = mean tide (as given in the table).

Sheet Surveys
A1: Date | B1: Time | C1: Date-time | D1: Abundance N | E1: Richness S | F1: Intertidal (I) | G1: Flight (F) | H1: Sand (S) | I1: Water (W) | J1: People | K1: Prev. extreme idx | L1: Prev. extreme time | M1: Next extreme time | N1: Prev. height (m) | O1: Next height (m) | P1: Prev. event | Q1: Next event | R1: Water level (m SKN) | S1: h since prev. extreme | T1: h to next extreme | U1: Tidal phase
A2: 28.09.2026 | B2: 08:40:00 | C2: =DATE(VALUE(RIGHT(A2,4)),VALUE(MID(A2,4,2)),VALUE(LEFT(A2,2)))+TIMEVALUE(B2) -> 46293.361 | D2: =SUMIFS(Data!$D$2:$D$195,Data!$A$2:$A$195,$A2,Data!$B$2:$B$195,$B2) -> 23 | E2: =SUMPRODUCT(--(COUNTIFS(Data!$A$2:$A$195,$A2,Data!$B$2:$B$195,$B2,Data!$C$2:$C$195,Abundance!$A$2:$A$20)>0)) -> 4 | F2: =SUMIFS(Data!$D$2:$D$195,Data!$A$2:$A$195,$A2,Data!$B$2:$B$195,$B2,Data!$E$2:$E$195,"I") -> 21 | G2: =SUMIFS(Data!$D$2:$D$195,Data!$A$2:$A$195,$A2,Data!$B$2:$B$195,$B2,Data!$E$2:$E$195,"F") -> 0 | H2: =SUMIFS(Data!$D$2:$D$195,Data!$A$2:$A$195,$A2,Data!$B$2:$B$195,$B2,Data!$E$2:$E$195,"S") -> 2 | I2: =SUMIFS(Data!$D$2:$D$195,Data!$A$2:$A$195,$A2,Data!$B$2:$B$195,$B2,Data!$E$2:$E$195,"W") -> 0 | J2: 2 | K2: =MATCH(C2,Tide_table!$A$4:$A$15,1) -> 2 | L2: =INDEX(Tide_table!$A$4:$A$15,K2) -> 46293.343 | M2: =INDEX(Tide_table!$A$4:$A$15,K2+1) -> 46293.574 | N2: =INDEX(Tide_table!$B$4:$B$15,K2) -> 0.55 | O2: =INDEX(Tide_table!$B$4:$B$15,K2+1) -> 3.31 | P2: =INDEX(Tide_table!$C$4:$C$15,K2) -> NW | Q2: =INDEX(Tide_table!$C$4:$C$15,K2+1) -> HW | R2: =N2+(O2-N2)*(1-COS(PI()*(C2-L2)/(M2-L2)))/2 -> 0.59155541 | S2: =(C2-L2)*24 -> 0.43333333 | T2: =(M2-C2)*24 -> 5.1 | U2: =IF(MIN(S2,T2)<=Tide_summary!$B$3,IF(IF(S2<=T2,P2,Q2)="HW","High water","Low water"),IF(Q2="HW","Rising","Falling")) -> Low water
A3: 28.09.2026 | B3: 09:00:00 | C3: =DATE(VALUE(RIGHT(A3,4)),VALUE(MID(A3,4,2)),VALUE(LEFT(A3,2)))+TIMEVALUE(B3) -> 46293.375 | D3: =SUMIFS(Data!$D$2:$D$195,Data!$A$2:$A$195,$A3,Data!$B$2:$B$195,$B3) -> 36 | E3: =SUMPRODUCT(--(COUNTIFS(Data!$A$2:$A$195,$A3,Data!$B$2:$B$195,$B3,Data!$C$2:$C$195,Abundance!$A$2:$A$20)>0)) -> 3 | F3: =SUMIFS(Data!$D$2:$D$195,Data!$A$2:$A$195,$A3,Data!$B$2:$B$195,$B3,Data!$E$2:$E$195,"I") -> 33 | G3: =SUMIFS(Data!$D$2:$D$195,Data!$A$2:$A$195,$A3,Data!$B$2:$B$195,$B3,Data!$E$2:$E$195,"F") -> 0 | H3: =SUMIFS(Data!$D$2:$D$195,Data!$A$2:$A$195,$A3,Data!$B$2:$B$195,$B3,Data!$E$2:$E$195,"S") -> 1 | I3: =SUMIFS(Data!$D$2:$D$195,Data!$A$2:$A$195,$A3,Data!$B$2:$B$195,$B3,Data!$E$2:$E$195,"W") -> 2 | J3: 1.4 | K3: =MATCH(C3,Tide_table!$A$4:$A$15,1) -> 2 | L3: =INDEX(Tide_table!$A$4:$A$15,K3) -> 46293.343 | M3: =INDEX(Tide_table!$A$4:$A$15,K3+1) -> 46293.574 | N3: =INDEX(Tide_table!$B$4:$B$15,K3) -> 0.55 | O3: =INDEX(Tide_table!$B$4:$B$15,K3+1) -> 3.31 | P3: =INDEX(Tide_table!$C$4:$C$15,K3) -> NW | Q3: =INDEX(Tide_table!$C$4:$C$15,K3+1) -> HW | R3: =N3+(O3-N3)*(1-COS(PI()*(C3-L3)/(M3-L3)))/2 -> 0.67868275 | S3: =(C3-L3)*24 -> 0.76666667 | T3: =(M3-C3)*24 -> 4.7666667 | U3: =IF(MIN(S3,T3)<=Tide_summary!$B$3,IF(IF(S3<=T3,P3,Q3)="HW","High water","Low water"),IF(Q3="HW","Rising","Falling")) -> Low water
A4: 28.09.2026 | B4: 09:20:00 | C4: =DATE(VALUE(RIGHT(A4,4)),VALUE(MID(A4,4,2)),VALUE(LEFT(A4,2)))+TIMEVALUE(B4) -> 46293.389 | D4: =SUMIFS(Data!$D$2:$D$195,Data!$A$2:$A$195,$A4,Data!$B$2:$B$195,$B4) -> 33 | E4: =SUMPRODUCT(--(COUNTIFS(Data!$A$2:$A$195,$A4,Data!$B$2:$B$195,$B4,Data!$C$2:$C$195,Abundance!$A$2:$A$20)>0)) -> 4 | F4: =SUMIFS(Data!$D$2:$D$195,Data!$A$2:$A$195,$A4,Data!$B$2:$B$195,$B4,Data!$E$2:$E$195,"I") -> 28 | G4: =SUMIFS(Data!$D$2:$D$195,Data!$A$2:$A$195,$A4,Data!$B$2:$B$195,$B4,Data!$E$2:$E$195,"F") -> 0 | H4: =SUMIFS(Data!$D$2:$D$195,Data!$A$2:$A$195,$A4,Data!$B$2:$B$195,$B4,Data!$E$2:$E$195,"S") -> 5 | I4: =SUMIFS(Data!$D$2:$D$195,Data!$A$2:$A$195,$A4,Data!$B$2:$B$195,$B4,Data!$E$2:$E$195,"W") -> 0 | J4: 3.8 | K4: =MATCH(C4,Tide_table!$A$4:$A$15,1) -> 2 | L4: =INDEX(Tide_table!$A$4:$A$15,K4) -> 46293.343 | M4: =INDEX(Tide_table!$A$4:$A$15,K4+1) -> 46293.574 | N4: =INDEX(Tide_table!$B$4:$B$15,K4) -> 0.55 | O4: =INDEX(Tide_table!$B$4:$B$15,K4+1) -> 3.31 | P4: =INDEX(Tide_table!$C$4:$C$15,K4) -> NW | Q4: =INDEX(Tide_table!$C$4:$C$15,K4+1) -> HW | R4: =N4+(O4-N4)*(1-COS(PI()*(C4-L4)/(M4-L4)))/2 -> 0.81049433 | S4: =(C4-L4)*24 -> 1.1 | T4: =(M4-C4)*24 -> 4.4333333 | U4: =IF(MIN(S4,T4)<=Tide_summary!$B$3,IF(IF(S4<=T4,P4,Q4)="HW","High water","Low water"),IF(Q4="HW","Rising","Falling")) -> Low water
A5: 28.09.2026 | B5: 09:40:00 | C5: =DATE(VALUE(RIGHT(A5,4)),VALUE(MID(A5,4,2)),VALUE(LEFT(A5,2)))+TIMEVALUE(B5) -> 46293.403 | D5: =SUMIFS(Data!$D$2:$D$195,Data!$A$2:$A$195,$A5,Data!$B$2:$B$195,$B5) -> 32 | E5: =SUMPRODUCT(--(COUNTIFS(Data!$A$2:$A$195,$A5,Data!$B$2:$B$195,$B5,Data!$C$2:$C$195,Abundance!$A$2:$A$20)>0)) -> 3 | F5: =SUMIFS(Data!$D$2:$D$195,Data!$A$2:$A$195,$A5,Data!$B$2:$B$195,$B5,Data!$E$2:$E$195,"I") -> 14 | G5: =SUMIFS(Data!$D$2:$D$195,Data!$A$2:$A$195,$A5,Data!$B$2:$B$195,$B5,Data!$E$2:$E$195,"F") -> 0 | H5: =SUMIFS(Data!$D$2:$D$195,Data!$A$2:$A$195,$A5,Data!$B$2:$B$195,$B5,Data!$E$2:$E$195,"S") -> 0 | I5: =SUMIFS(Data!$D$2:$D$195,Data!$A$2:$A$195,$A5,Data!$B$2:$B$195,$B5,Data!$E$2:$E$195,"W") -> 18 | J5: 1 | K5: =MATCH(C5,Tide_table!$A$4:$A$15,1) -> 2 | L5: =INDEX(Tide_table!$A$4:$A$15,K5) -> 46293.343 | M5: =INDEX(Tide_table!$A$4:$A$15,K5+1) -> 46293.574 | N5: =INDEX(Tide_table!$B$4:$B$15,K5) -> 0.55 | O5: =INDEX(Tide_table!$B$4:$B$15,K5+1) -> 3.31 | P5: =INDEX(Tide_table!$C$4:$C$15,K5) -> NW | Q5: =INDEX(Tide_table!$C$4:$C$15,K5+1) -> HW | R5: =N5+(O5-N5)*(1-COS(PI()*(C5-L5)/(M5-L5)))/2 -> 0.98228319 | S5: =(C5-L5)*24 -> 1.4333333 | T5: =(M5-C5)*24 -> 4.1 | U5: =IF(MIN(S5,T5)<=Tide_summary!$B$3,IF(IF(S5<=T5,P5,Q5)="HW","High water","Low water"),IF(Q5="HW","Rising","Falling")) -> Low water
A6: 28.09.2026 | B6: 10:00:00 | C6: =DATE(VALUE(RIGHT(A6,4)),VALUE(MID(A6,4,2)),VALUE(LEFT(A6,2)))+TIMEVALUE(B6) -> 46293.417 | D6: =SUMIFS(Data!$D$2:$D$195,Data!$A$2:$A$195,$A6,Data!$B$2:$B$195,$B6) -> 44 | E6: =SUMPRODUCT(--(COUNTIFS(Data!$A$2:$A$195,$A6,Data!$B$2:$B$195,$B6,Data!$C$2:$C$195,Abundance!$A$2:$A$20)>0)) -> 5 | F6: =SUMIFS(Data!$D$2:$D$195,Data!$A$2:$A$195,$A6,Data!$B$2:$B$195,$B6,Data!$E$2:$E$195,"I") -> 29 | G6: =SUMIFS(Data!$D$2:$D$195,Data!$A$2:$A$195,$A6,Data!$B$2:$B$195,$B6,Data!$E$2:$E$195,"F") -> 1 | H6: =SUMIFS(Data!$D$2:$D$195,Data!$A$2:$A$195,$A6,Data!$B$2:$B$195,$B6,Data!$E$2:$E$195,"S") -> 14 | I6: =SUMIFS(Data!$D$2:$D$195,Data!$A$2:$A$195,$A6,Data!$B$2:$B$195,$B6,Data!$E$2:$E$195,"W") -> 0 | J6: 3.1428571 | K6: =MATCH(C6,Tide_table!$A$4:$A$15,1) -> 2 | L6: =INDEX(Tide_table!$A$4:$A$15,K6) -> 46293.343 | M6: =INDEX(Tide_table!$A$4:$A$15,K6+1) -> 46293.574 | N6: =INDEX(Tide_table!$B$4:$B$15,K6) -> 0.55 | O6: =INDEX(Tide_table!$B$4:$B$15,K6+1) -> 3.31 | P6: =INDEX(Tide_table!$C$4:$C$15,K6) -> NW | Q6: =INDEX(Tide_table!$C$4:$C$15,K6+1) -> HW | R6: =N6+(O6-N6)*(1-COS(PI()*(C6-L6)/(M6-L6)))/2 -> 1.1879148 | S6: =(C6-L6)*24 -> 1.7666667 | T6: =(M6-C6)*24 -> 3.7666667 | U6: =IF(MIN(S6,T6)<=Tide_summary!$B$3,IF(IF(S6<=T6,P6,Q6)="HW","High water","Low water"),IF(Q6="HW","Rising","Falling")) -> Rising
A7: 28.09.2026 | B7: 10:20:00 | C7: =DATE(VALUE(RIGHT(A7,4)),VALUE(MID(A7,4,2)),VALUE(LEFT(A7,2)))+TIMEVALUE(B7) -> 46293.431 | D7: =SUMIFS(Data!$D$2:$D$195,Data!$A$2:$A$195,$A7,Data!$B$2:$B$195,$B7) -> 26 | E7: =SUMPRODUCT(--(COUNTIFS(Data!$A$2:$A$195,$A7,Data!$B$2:$B$195,$B7,Data!$C$2:$C$195,Abundance!$A$2:$A$20)>0)) -> 6 | F7: =SUMIFS(Data!$D$2:$D$195,Data!$A$2:$A$195,$A7,Data!$B$2:$B$195,$B7,Data!$E$2:$E$195,"I") -> 20 | G7: =SUMIFS(Data!$D$2:$D$195,Data!$A$2:$A$195,$A7,Data!$B$2:$B$195,$B7,Data!$E$2:$E$195,"F") -> 1 | H7: =SUMIFS(Data!$D$2:$D$195,Data!$A$2:$A$195,$A7,Data!$B$2:$B$195,$B7,Data!$E$2:$E$195,"S") -> 4 | I7: =SUMIFS(Data!$D$2:$D$195,Data!$A$2:$A$195,$A7,Data!$B$2:$B$195,$B7,Data!$E$2:$E$195,"W") -> 1 | J7: 2.8571429 | K7: =MATCH(C7,Tide_table!$A$4:$A$15,1) -> 2 | L7: =INDEX(Tide_table!$A$4:$A$15,K7) -> 46293.343 | M7: =INDEX(Tide_table!$A$4:$A$15,K7+1) -> 46293.574 | N7: =INDEX(Tide_table!$B$4:$B$15,K7) -> 0.55 | O7: =INDEX(Tide_table!$B$4:$B$15,K7+1) -> 3.31 | P7: =INDEX(Tide_table!$C$4:$C$15,K7) -> NW | Q7: =INDEX(Tide_table!$C$4:$C$15,K7+1) -> HW | R7: =N7+(O7-N7)*(1-COS(PI()*(C7-L7)/(M7-L7)))/2 -> 1.4200461 | S7: =(C7-L7)*24 -> 2.1 | T7: =(M7-C7)*24 -> 3.4333333 | U7: =IF(MIN(S7,T7)<=Tide_summary!$B$3,IF(IF(S7<=T7,P7,Q7)="HW","High water","Low water"),IF(Q7="HW","Rising","Falling")) -> Rising
A8: 28.09.2026 | B8: 10:40:00 | C8: =DATE(VALUE(RIGHT(A8,4)),VALUE(MID(A8,4,2)),VALUE(LEFT(A8,2)))+TIMEVALUE(B8) -> 46293.444 | D8: =SUMIFS(Data!$D$2:$D$195,Data!$A$2:$A$195,$A8,Data!$B$2:$B$195,$B8) -> 29 | E8: =SUMPRODUCT(--(COUNTIFS(Data!$A$2:$A$195,$A8,Data!$B$2:$B$195,$B8,Data!$C$2:$C$195,Abundance!$A$2:$A$20)>0)) -> 3 | F8: =SUMIFS(Data!$D$2:$D$195,Data!$A$2:$A$195,$A8,Data!$B$2:$B$195,$B8,Data!$E$2:$E$195,"I") -> 0 | G8: =SUMIFS(Data!$D$2:$D$195,Data!$A$2:$A$195,$A8,Data!$B$2:$B$195,$B8,Data!$E$2:$E$195,"F") -> 28 | H8: =SUMIFS(Data!$D$2:$D$195,Data!$A$2:$A$195,$A8,Data!$B$2:$B$195,$B8,Data!$E$2:$E$195,"S") -> 1 | I8: =SUMIFS(Data!$D$2:$D$195,Data!$A$2:$A$195,$A8,Data!$B$2:$B$195,$B8,Data!$E$2:$E$195,"W") -> 0 | J8: 6 | K8: =MATCH(C8,Tide_table!$A$4:$A$15,1) -> 2 | L8: =INDEX(Tide_table!$A$4:$A$15,K8) -> 46293.343 | M8: =INDEX(Tide_table!$A$4:$A$15,K8+1) -> 46293.574 | N8: =INDEX(Tide_table!$B$4:$B$15,K8) -> 0.55 | O8: =INDEX(Tide_table!$B$4:$B$15,K8+1) -> 3.31 | P8: =INDEX(Tide_table!$C$4:$C$15,K8) -> NW | Q8: =INDEX(Tide_table!$C$4:$C$15,K8+1) -> HW | R8: =N8+(O8-N8)*(1-COS(PI()*(C8-L8)/(M8-L8)))/2 -> 1.6703877 | S8: =(C8-L8)*24 -> 2.4333333 | T8: =(M8-C8)*24 -> 3.1 | U8: =IF(MIN(S8,T8)<=Tide_summary!$B$3,IF(IF(S8<=T8,P8,Q8)="HW","High water","Low water"),IF(Q8="HW","Rising","Falling")) -> Rising
A9: 28.09.2026 | B9: 11:00:00 | C9: =DATE(VALUE(RIGHT(A9,4)),VALUE(MID(A9,4,2)),VALUE(LEFT(A9,2)))+TIMEVALUE(B9) -> 46293.458 | D9: =SUMIFS(Data!$D$2:$D$195,Data!$A$2:$A$195,$A9,Data!$B$2:$B$195,$B9) -> 15 | E9: =SUMPRODUCT(--(COUNTIFS(Data!$A$2:$A$195,$A9,Data!$B$2:$B$195,$B9,Data!$C$2:$C$195,Abundance!$A$2:$A$20)>0)) -> 4 | F9: =SUMIFS(Data!$D$2:$D$195,Data!$A$2:$A$195,$A9,Data!$B$2:$B$195,$B9,Data!$E$2:$E$195,"I") -> 0 | G9: =SUMIFS(Data!$D$2:$D$195,Data!$A$2:$A$195,$A9,Data!$B$2:$B$195,$B9,Data!$E$2:$E$195,"F") -> 0 | H9: =SUMIFS(Data!$D$2:$D$195,Data!$A$2:$A$195,$A9,Data!$B$2:$B$195,$B9,Data!$E$2:$E$195,"S") -> 13 | I9: =SUMIFS(Data!$D$2:$D$195,Data!$A$2:$A$195,$A9,Data!$B$2:$B$195,$B9,Data!$E$2:$E$195,"W") -> 2 | J9: 1 | K9: =MATCH(C9,Tide_table!$A$4:$A$15,1) -> 2 | L9: =INDEX(Tide_table!$A$4:$A$15,K9) -> 46293.343 | M9: =INDEX(Tide_table!$A$4:$A$15,K9+1) -> 46293.574 | N9: =INDEX(Tide_table!$B$4:$B$15,K9) -> 0.55 | O9: =INDEX(Tide_table!$B$4:$B$15,K9+1) -> 3.31 | P9: =INDEX(Tide_table!$C$4:$C$15,K9) -> NW | Q9: =INDEX(Tide_table!$C$4:$C$15,K9+1) -> HW | R9: =N9+(O9-N9)*(1-COS(PI()*(C9-L9)/(M9-L9)))/2 -> 1.93 | S9: =(C9-L9)*24 -> 2.7666667 | T9: =(M9-C9)*24 -> 2.7666667 | U9: =IF(MIN(S9,T9)<=Tide_summary!$B$3,IF(IF(S9<=T9,P9,Q9)="HW","High water","Low water"),IF(Q9="HW","Rising","Falling")) -> Rising
A10: 28.09.2026 | B10: 11:20:00 | C10: =DATE(VALUE(RIGHT(A10,4)),VALUE(MID(A10,4,2)),VALUE(LEFT(A10,2)))+TIMEVALUE(B10) -> 46293.472 | D10: =SUMIFS(Data!$D$2:$D$195,Data!$A$2:$A$195,$A10,Data!$B$2:$B$195,$B10) -> 5 | E10: =SUMPRODUCT(--(COUNTIFS(Data!$A$2:$A$195,$A10,Data!$B$2:$B$195,$B10,Data!$C$2:$C$195,Abundance!$A$2:$A$20)>0)) -> 2 | F10: =SUMIFS(Data!$D$2:$D$195,Data!$A$2:$A$195,$A10,Data!$B$2:$B$195,$B10,Data!$E$2:$E$195,"I") -> 0 | G10: =SUMIFS(Data!$D$2:$D$195,Data!$A$2:$A$195,$A10,Data!$B$2:$B$195,$B10,Data!$E$2:$E$195,"F") -> 3 | H10: =SUMIFS(Data!$D$2:$D$195,Data!$A$2:$A$195,$A10,Data!$B$2:$B$195,$B10,Data!$E$2:$E$195,"S") -> 1 | I10: =SUMIFS(Data!$D$2:$D$195,Data!$A$2:$A$195,$A10,Data!$B$2:$B$195,$B10,Data!$E$2:$E$195,"W") -> 1 | J10: 4.6666667 | K10: =MATCH(C10,Tide_table!$A$4:$A$15,1) -> 2 | L10: =INDEX(Tide_table!$A$4:$A$15,K10) -> 46293.343 | M10: =INDEX(Tide_table!$A$4:$A$15,K10+1) -> 46293.574 | N10: =INDEX(Tide_table!$B$4:$B$15,K10) -> 0.55 | O10: =INDEX(Tide_table!$B$4:$B$15,K10+1) -> 3.31 | P10: =INDEX(Tide_table!$C$4:$C$15,K10) -> NW | Q10: =INDEX(Tide_table!$C$4:$C$15,K10+1) -> HW | R10: =N10+(O10-N10)*(1-COS(PI()*(C10-L10)/(M10-L10)))/2 -> 2.1896123 | S10: =(C10-L10)*24 -> 3.1 | T10: =(M10-C10)*24 -> 2.4333333 | U10: =IF(MIN(S10,T10)<=Tide_summary!$B$3,IF(IF(S10<=T10,P10,Q10)="HW","High water","Low water"),IF(Q10="HW","Rising","Falling")) -> Rising
A11: 28.09.2026 | B11: 11:40:00 | C11: =DATE(VALUE(RIGHT(A11,4)),VALUE(MID(A11,4,2)),VALUE(LEFT(A11,2)))+TIMEVALUE(B11) -> 46293.486 | D11: =SUMIFS(Data!$D$2:$D$195,Data!$A$2:$A$195,$A11,Data!$B$2:$B$195,$B11) -> 4 | E11: =SUMPRODUCT(--(COUNTIFS(Data!$A$2:$A$195,$A11,Data!$B$2:$B$195,$B11,Data!$C$2:$C$195,Abundance!$A$2:$A$20)>0)) -> 2 | F11: =SUMIFS(Data!$D$2:$D$195,Data!$A$2:$A$195,$A11,Data!$B$2:$B$195,$B11,Data!$E$2:$E$195,"I") -> 0 | G11: =SUMIFS(Data!$D$2:$D$195,Data!$A$2:$A$195,$A11,Data!$B$2:$B$195,$B11,Data!$E$2:$E$195,"F") -> 3 | H11: =SUMIFS(Data!$D$2:$D$195,Data!$A$2:$A$195,$A11,Data!$B$2:$B$195,$B11,Data!$E$2:$E$195,"S") -> 1 | I11: =SUMIFS(Data!$D$2:$D$195,Data!$A$2:$A$195,$A11,Data!$B$2:$B$195,$B11,Data!$E$2:$E$195,"W") -> 0 | J11: 6 | K11: =MATCH(C11,Tide_table!$A$4:$A$15,1) -> 2 | L11: =INDEX(Tide_table!$A$4:$A$15,K11) -> 46293.343 | M11: =INDEX(Tide_table!$A$4:$A$15,K11+1) -> 46293.574 | N11: =INDEX(Tide_table!$B$4:$B$15,K11) -> 0.55 | O11: =INDEX(Tide_table!$B$4:$B$15,K11+1) -> 3.31 | P11: =INDEX(Tide_table!$C$4:$C$15,K11) -> NW | Q11: =INDEX(Tide_table!$C$4:$C$15,K11+1) -> HW | R11: =N11+(O11-N11)*(1-COS(PI()*(C11-L11)/(M11-L11)))/2 -> 2.4399539 | S11: =(C11-L11)*24 -> 3.4333333 | T11: =(M11-C11)*24 -> 2.1 | U11: =IF(MIN(S11,T11)<=Tide_summary!$B$3,IF(IF(S11<=T11,P11,Q11)="HW","High water","Low water"),IF(Q11="HW","Rising","Falling")) -> Rising
A12: 28.09.2026 | B12: 12:00:00 | C12: =DATE(VALUE(RIGHT(A12,4)),VALUE(MID(A12,4,2)),VALUE(LEFT(A12,2)))+TIMEVALUE(B12) -> 46293.5 | D12: =SUMIFS(Data!$D$2:$D$195,Data!$A$2:$A$195,$A12,Data!$B$2:$B$195,$B12) -> 0 | E12: =SUMPRODUCT(--(COUNTIFS(Data!$A$2:$A$195,$A12,Data!$B$2:$B$195,$B12,Data!$C$2:$C$195,Abundance!$A$2:$A$20)>0)) -> 0 | F12: =SUMIFS(Data!$D$2:$D$195,Data!$A$2:$A$195,$A12,Data!$B$2:$B$195,$B12,Data!$E$2:$E$195,"I") -> 0 | G12: =SUMIFS(Data!$D$2:$D$195,Data!$A$2:$A$195,$A12,Data!$B$2:$B$195,$B12,Data!$E$2:$E$195,"F") -> 0 | H12: =SUMIFS(Data!$D$2:$D$195,Data!$A$2:$A$195,$A12,Data!$B$2:$B$195,$B12,Data!$E$2:$E$195,"S") -> 0 | I12: =SUMIFS(Data!$D$2:$D$195,Data!$A$2:$A$195,$A12,Data!$B$2:$B$195,$B12,Data!$E$2:$E$195,"W") -> 0 | J12: 7 | K12: =MATCH(C12,Tide_table!$A$4:$A$15,1) -> 2 | L12: =INDEX(Tide_table!$A$4:$A$15,K12) -> 46293.343 | M12: =INDEX(Tide_table!$A$4:$A$15,K12+1) -> 46293.574 | N12: =INDEX(Tide_table!$B$4:$B$15,K12) -> 0.55 | O12: =INDEX(Tide_table!$B$4:$B$15,K12+1) -> 3.31 | P12: =INDEX(Tide_table!$C$4:$C$15,K12) -> NW | Q12: =INDEX(Tide_table!$C$4:$C$15,K12+1) -> HW | R12: =N12+(O12-N12)*(1-COS(PI()*(C12-L12)/(M12-L12)))/2 -> 2.6720852 | S12: =(C12-L12)*24 -> 3.7666667 | T12: =(M12-C12)*24 -> 1.7666667 | U12: =IF(MIN(S12,T12)<=Tide_summary!$B$3,IF(IF(S12<=T12,P12,Q12)="HW","High water","Low water"),IF(Q12="HW","Rising","Falling")) -> Rising
A13: 28.09.2026 | B13: 12:20:00 | C13: =DATE(VALUE(RIGHT(A13,4)),VALUE(MID(A13,4,2)),VALUE(LEFT(A13,2)))+TIMEVALUE(B13) -> 46293.514 | D13: =SUMIFS(Data!$D$2:$D$195,Data!$A$2:$A$195,$A13,Data!$B$2:$B$195,$B13) -> 1 | E13: =SUMPRODUCT(--(COUNTIFS(Data!$A$2:$A$195,$A13,Data!$B$2:$B$195,$B13,Data!$C$2:$C$195,Abundance!$A$2:$A$20)>0)) -> 1 | F13: =SUMIFS(Data!$D$2:$D$195,Data!$A$2:$A$195,$A13,Data!$B$2:$B$195,$B13,Data!$E$2:$E$195,"I") -> 0 | G13: =SUMIFS(Data!$D$2:$D$195,Data!$A$2:$A$195,$A13,Data!$B$2:$B$195,$B13,Data!$E$2:$E$195,"F") -> 0 | H13: =SUMIFS(Data!$D$2:$D$195,Data!$A$2:$A$195,$A13,Data!$B$2:$B$195,$B13,Data!$E$2:$E$195,"S") -> 1 | I13: =SUMIFS(Data!$D$2:$D$195,Data!$A$2:$A$195,$A13,Data!$B$2:$B$195,$B13,Data!$E$2:$E$195,"W") -> 0 | J13: 6 | K13: =MATCH(C13,Tide_table!$A$4:$A$15,1) -> 2 | L13: =INDEX(Tide_table!$A$4:$A$15,K13) -> 46293.343 | M13: =INDEX(Tide_table!$A$4:$A$15,K13+1) -> 46293.574 | N13: =INDEX(Tide_table!$B$4:$B$15,K13) -> 0.55 | O13: =INDEX(Tide_table!$B$4:$B$15,K13+1) -> 3.31 | P13: =INDEX(Tide_table!$C$4:$C$15,K13) -> NW | Q13: =INDEX(Tide_table!$C$4:$C$15,K13+1) -> HW | R13: =N13+(O13-N13)*(1-COS(PI()*(C13-L13)/(M13-L13)))/2 -> 2.8777168 | S13: =(C13-L13)*24 -> 4.1 | T13: =(M13-C13)*24 -> 1.4333333 | U13: =IF(MIN(S13,T13)<=Tide_summary!$B$3,IF(IF(S13<=T13,P13,Q13)="HW","High water","Low water"),IF(Q13="HW","Rising","Falling")) -> High water
... A69: 30.09.2026 | B69: 17:40:00 | C69: =DATE(VALUE(RIGHT(A69,4)),VALUE(MID(A69,4,2)),VALUE(LEFT(A69,2)))+TIMEVALUE(B69) -> 46295.736 | D69: =SUMIFS(Data!$D$2:$D$195,Data!$A$2:$A$195,$A69,Data!$B$2:$B$195,$B69) -> 61 | E69: =SUMPRODUCT(--(COUNTIFS(Data!$A$2:$A$195,$A69,Data!$B$2:$B$195,$B69,Data!$C$2:$C$195,Abundance!$A$2:$A$20)>0)) -> 4 | F69: =SUMIFS(Data!$D$2:$D$195,Data!$A$2:$A$195,$A69,Data!$B$2:$B$195,$B69,Data!$E$2:$E$195,"I") -> 57 | G69: =SUMIFS(Data!$D$2:$D$195,Data!$A$2:$A$195,$A69,Data!$B$2:$B$195,$B69,Data!$E$2:$E$195,"F") -> 4 | H69: =SUMIFS(Data!$D$2:$D$195,Data!$A$2:$A$195,$A69,Data!$B$2:$B$195,$B69,Data!$E$2:$E$195,"S") -> 0 | I69: =SUMIFS(Data!$D$2:$D$195,Data!$A$2:$A$195,$A69,Data!$B$2:$B$195,$B69,Data!$E$2:$E$195,"W") -> 0 | J69: 0 | K69: =MATCH(C69,Tide_table!$A$4:$A$15,1) -> 11 | L69: =INDEX(Tide_table!$A$4:$A$15,K69) -> 46295.623 | M69: =INDEX(Tide_table!$A$4:$A$15,K69+1) -> 46295.903 | N69: =INDEX(Tide_table!$B$4:$B$15,K69) -> 3.24 | O69: =INDEX(Tide_table!$B$4:$B$15,K69+1) -> 0.54 | P69: =INDEX(Tide_table!$C$4:$C$15,K69) -> HW | Q69: =INDEX(Tide_table!$C$4:$C$15,K69+1) -> NW | R69: =N69+(O69-N69)*(1-COS(PI()*(C69-L69)/(M69-L69)))/2 -> 2.2931708 | S69: =(C69-L69)*24 -> 2.7166667 | T69: =(M69-C69)*24 -> 4.0166667 | U69: =IF(MIN(S69,T69)<=Tide_summary!$B$3,IF(IF(S69<=T69,P69,Q69)="HW","High water","Low water"),IF(Q69="HW","Rising","Falling")) -> Falling
